James,Smith
John,Johnson
Robert,Williams
Michael,Brown
William,Jones
David,Miller
Richard,Davis
Charles,Garcia
Joseph,Rodriguez
Thomas,Wilson
Christopher,Martinez
Daniel,Anderson
Paul,Taylor
Mark,Thomas
Donald,Hernandez
George,Moore
Kenneth,Martinez
Steven,Jackson
Edward,Thompson
Brian,White
Ronald,Lopez
Zacktheratrix,Lee
Anthony,Gonzales
DeSean,Harris
Kevin,Clark
Jason,Lewis
Matthew,Robinson
Gary,Walker
Timothy,Perez
Joseph,Hall
Larry,Young
Jeffrey,Allen
Frank,Sanchez
Scott,Wright
Eric,King
Stephen,Scott
Andrew,Green
Ray,Baker
Greg,Adams
Josh,Nelson
